10746	L1
10747	L1
11689	1
11685	1
34447	R1
34448	R1
18216	1
13435	1
11072	1
11071	1
19087	1
19088	1
13429	1
13428	1
36887	1
44062	1
44061	1
33179	1
229	1
230	1
16559	1
16561	1
495	1
496	1
16691	1
16558	1
7817	1
16557	1
16690	1
24302	1
24303	1
2974	1
16524	1
7819	1
36795	1
36796	1
7330	1
40648	1
1208	1
1209	1
40646	1
16523	1
16689	1
16688	1
951	1
17841	1
25272	1
7938	1
4181	1
1634	1
25273	1
7941	1
953	1
14567	1
1064	1
1067	1
1636	1
17840	1
14568	1
43126	1
43127	1
9623	1
9622	1
11449	1
11450	1
7698	1
33272	1
33271	1
7831	1
12127	1
2	1
4543	1
21339	1
1	1
23446	1
38586	1
40261	1
40262	1
23445	1
11688	1
29438	L1
11692	1
12325	1
4185	1
12326	1
15030	1
952	1
954	1
15406	1
38273	1
38274	1
15405	1
15047	1
37583	1
21985	1
16803	1
11888	1
16802	1
11874	1
11875	1
11876	1
11877	1
15674	1
15675	1
16114	1
19748	1
19749	1
7828	1
23559	1
10379	1
10381	1
10383	1
12871	1
29602	10
29603	10
2299	10
2299	10
7639	10
2296	10
2296	10
7641	10
861	10
860	10
10796	10
10795	10
37657	10
7879	10
7878	10
16897	10
16898	10
40871	10
42028	10
2152	10
42029	10
8207	10
3600	10
44073	10
44074	10
8206	10
8474	10
12115	10
36942	10
12192	10
36941	10
20616	10
16564	10
11903	10
22002	10
10974	10
10975	10
16563	10
22004	10
26468	10
11386	10
11904	10
17070	10
8340	10
11515	10
38931	100
40015	100
40016	100
39824	100
39825	100
29724	100
29725	100
29726	101
29727	101
11168	101
11169	101
40018	102
5874	102
40017	102
5873	102
5875	103
11172	103
11275	103
16885	103
16886	103
5877	103
29769	103
29770	103
9206	103
9793	104
9791	104
9792	104
9794	104
5878	104
11338	104
11339	104
5880	104
6109	105
11340	105
11341	105
15721	105
6110	105
5881	106
5882	106
5884	107
5883	107
15252	107
15253	107
15669	108
20112	108
20113	108
15670	108
33324	109
33325	109
11175	109
11174	109
2153	10א
22005	10א
22003	10א
42030	10א
20419	11
20420	11
3606	11
3604	11
29931	11
29930	11
2035	11
2040	11
28855	11
28854	11
15584	11
15585	11
15489	11
15490	11
43242	11
19410	11
19467	11
7881	11
7883	11
11906	11
4678	11
11811	11
11905	11
11810	11
19285	11
19286	11
14670	11
28109	11
14669	11
28108	11
11527	11
16694	11
16695	11
11528	11
19608	11
12198	11
19609	11
16697	11
29671	11
29672	11
16696	11
16526	11
16525	11
11387	11
26467	11
17066	11
8344	11
11757	11
11759	11
8348	11
26453	11
26454	11
8349	11
15040	110
15041	110
11176	110
11176	110
9018	110
9018	110
11177	110
11177	110
9021	110
9021	110
21666	110
21666	110
21168	110
21168	110
29863	110
29863	110
21236	110
21236	110
11178	111
11179	111
23045	111
23044	111
9024	111
20750	111
39643	111
21170	111
21171	111
21722	111
39644	111
13387	112
13389	112
41217	112
41216	112
23047	112
23046	112
29704	112
29705	112
11200	112
21723	112
11301	112
26915	112
26916	112
11292	112
13390	112
19597	112
40019	112
40020	112
16190	113
16191	113
11156	113
11344	113
11344	113
20756	113
20756	113
20755	113
35324	114
23206	114
23207	114
11355	114
11357	114
11322	115
19654	115
27902	115
27901	115
15547	115
11287	115
15546	115
13260	115
34620	116
34619	116
11360	116
11361	116
17848	117
17847	117
28977	117
28978	117
22560	117
22561	117
10851	118
10849	118
40021	118
40022	118
17849	118
17850	118
10852	118
10850	118
2692	119
11818	119
2691	119
8476	11א
8479	11א
15760	11א
3608	11א
3610	11א
15491	12
3612	12
3614	12
8482	12
4685	12
4683	12
2046	12
2047	12
17555	12
10230	12
10228	12
15607	12
15606	12
36875	12
43301	12
20740	12
20741	12
41212	12
41213	12
17556	12
29805	12
19799	12
23397	12
23398	12
11812	12
12442	12
19800	12
17937	12
3617	12
3616	12
12443	12
28110	12
28111	12
305	12
307	12
1399	12
1401	12
16566	12
16565	12
11907	12
16528	12
1299	12
36876	12
1302	12
16527	12
9517	12
2312	12
27069	12
40658	12
40659	12
9519	12
17067	12
2157	12
43917	12
3019	12
3021	12
43918	12
11785	12
11787	12
3017	12
3024	12
17965	12
2156	12
17966	12
19278	12
2160	12
2161	12
22007	12
17136	12
5889	120
34673	120
34674	120
5888	120
39927	121
39928	121
40038	121
40039	121
11575	121
11576	121
25623	122
25622	122
5898	122
5895	122
4134	123
4135	123
16748	123
16747	123
11289	123
21547	123
21548	123
6530	123
6529	123
11657	123
11658	123
17175	124
17174	124
5903	124
5900	124
2963	125
2961	125
11567	125
11566	125
9867	126
9866	126
39931	126
39932	126
11577	126
11572	127
11573	127
42843	127
42844	127
18484	128
18136	128
20812	128
20813	128
20564	129
20565	129
18494	129
18115	129
16907	129
36873	12א
19182	12א
17938	12א
19460	12א
36874	12א
28379	12א
43651	12א
43650	12א
21662	12א
43937	12א
21661	12א
43936	12א
27320	13
27322	13
867	13
866	13
36503	13
36504	13
3619	13
3620	13
17520	13
17521	13
37690	13
43239	13
40490	13
40491	13
41039	13
41042	13
17934	13
7894	13
29191	13
12444	13
11536	13
3624	13
12445	13
11529	13
15399	13
12012	13
12011	13
16681	13
29241	13
16530	13
14117	13
14115	13
16680	13
16529	13
9520	13
14927	13
14928	13
9522	13
21374	13
41044	13
41041	13
17068	13
15008	13
16986	13
41330	13
41331	13
19610	13
24205	130
1863	130
1865	130
16871	130
24221	131
10639	131
10636	131
18562	131
18106	131
4142	131
10640	132
9455	132
9454	132
10642	132
18114	132
18593	132
20475	132
20476	132
4146	133
4143	133
10645	133
10644	133
18464	133
18674	133
17062	133
17063	133
4148	133
4145	133
10647	134
10648	134
32345	134
40086	134
40087	134
32344	134
16567	134
16568	134
10889	135
10890	135
16570	135
16569	135
15763	136
11295	136
11297	136
11293	136
29617	136
29618	136
15764	136
11294	136
11332	136
16571	136
16572	136
15765	136
15978	137
15979	137
16387	137
16386	137
1019	137
1021	137
23380	137
23381	137
21817	137
21818	137
24213	138
39939	138
20849	138
24215	138
20850	138
39938	138
1024	138
1023	138
18070	138
18514	138
24216	138
24214	138
32006	139
32005	139
18223	139
18757	139
1025	139
1026	139
33353	139
33354	139
17065	139
17064	139
15118	139
15119	139
37691	13א
17939	13א
14116	13א
14118	13א
15254	13א
869	13א
16219	13א
41040	13א
41043	13א
2319	14
2320	14
15495	14
15494	14
10180	14
10179	14
37683	14
4707	14
20166	14
20167	14
27907	14
11433	14
19932	14
11434	14
27906	14
19931	14
43240	14
17524	14
41210	14
41211	14
42026	14
17523	14
872	14
15153	14
12440	14
12441	14
17922	14
16493	14
16494	14
39117	14
29539	14
29540	14
16532	14
15360	14
16531	14
9526	14
9524	14
15361	14
1733	14
39646	14
20415	14
3626	14
20416	14
3628	14
3627	14
3629	14
28023	140
28024	140
2712	140
2711	140
33254	140
24211	140
33277	140
15793	140
15792	140
17148	140
17145	140
17149	140
17147	140
17360	140
29265	141
29266	141
24212	141
28026	141
28025	141
15789	141
15788	141
9803	142
9802	142
6111	142
6113	142
33279	142
33278	142
4154	142
17150	142
4152	142
17152	142
16392	142
16391	142
17151	142
17153	142
15074	142
20212	142
43393	143
43392	143
28020	143
26459	143
28441	143
28442	143
16426	143
15070	143
15071	143
33506	143
16378	144
16377	144
11826	144
11827	144
3310	144
3311	144
28027	145
21358	145
21359	145
28028	145
42806	145
42805	145
16192	145
16194	145
16193	145
16195	145
42803	146
42804	146
7525	146
7526	146
28029	146
28030	146
43173	147
43174	147
28495	147
28494	147
7715	147
21022	147
28034	147
21023	147
28033	147
35698	148
35700	148
18260	148
18521	148
21698	148
21697	148
28035	148
28036	148
33335	148
23839	148
23840	148
21024	148
21025	148
33336	148
7716	149
7719	149
28021	149
28022	149
7720	149
28559	149
28558	149
21026	149
21027	149
33351	149
18146	149
18505	149
33352	149
16908	149
16909	149
42027	14א
41901	14א
17923	14א
41902	14א
178	14א
180	14א
39118	14א
43653	14א
43652	14א
43915	14א
19612	14א
43923	14א
37936	15
15541	15
15540	15
29280	15
29279	15
13393	15
21175	15
13394	15
16812	15
16813	15
25833	15
25832	15
11650	15
36870	15
36871	15
17321	15
17320	15
28421	15
28422	15
37685	15
37684	15
16573	15
12176	15
16574	15
1311	15
1312	15
12174	15
12330	15
12331	15
40031	15
7357	15
7357	15
39119	15
16534	15
20618	15
20620	15
16533	15
3063	15
17069	15
26246	15
26247	15
41390	15
41391	15
26157	150
11181	150
15791	150
15790	150
11180	150
26156	150
43362	150
34079	150
34080	150
20676	150
33280	150
33281	150
9028	150
20677	150
21685	150
10931	151
10932	151
16317	151
16318	151
17716	151
17717	151
20911	151
34077	151
34078	151
20910	151
15802	151
15803	151
18427	151
18689	151
26345	151
43010	151
43012	151
15800	152
15801	152
34086	152
34087	152
26200	152
10649	152
10650	152
26160	152
32669	152
33195	152
11925	153
10651	153
10652	153
11924	153
8410	153
8410	153
8411	153
10653	154
10656	154
11342	154
11343	154
11926	155
26942	155
36765	155
10664	156
10662	156
11927	156
10663	156
10665	156
11928	156
8416	156
908	156
910	156
909	156
911	156
10667	157
10666	157
11974	157
11976	157
14202	157
20245	157
14201	157
17718	157
17719	157
20246	157
8422	157
11975	157
17958	157
17959	157
8419	157
10669	158
10668	158
11019	158
11018	158
13817	159
13815	159
12181	159
12182	159
19703	159
6532	159
36716	15א
39120	15א
17500	16
17499	16
33186	16
33185	16
2323	16
2324	16
17570	16
17573	16
25391	16
3067	16
1081	16
25393	16
1083	16
33347	16
33346	16
30805	16
30804	16
3636	16
3633	16
3073	16
32535	16
32536	16
5442	16
36884	16
5444	16
17690	16
17691	16
5446	16
28468	16
28467	16
5443	16
40032	16
9451	16
9451	16
9531	16
875	16
877	16
28099	16
28100	16
9529	16
185	16
9804	160
9805	160
34314	160
34315	160
39949	160
39950	160
11725	160
16331	160
16332	160
11735	160
9807	161
9806	161
29839	161
29838	161
33733	162
33732	162
29947	162
29948	162
43395	163
43394	163
30785	163
30784	163
19303	163
19302	163
3315	164
3317	164
26913	164
26876	164
3323	164
16576	164
16575	164
3325	164
6535	165
28016	165
6534	165
28017	165
37311	165
37310	165
10223	165
6533	165
26877	166
26914	166
2738	166
2739	166
6542	166
6540	166
3326	166
3327	166
22023	167
26912	167
6546	167
6543	167
6548	167
6544	167
10916	167
10917	167
16741	167
16742	167
1027	168
1030	168
40089	168
40088	168
6553	168
22021	168
6558	168
22022	168
1028	168
1031	168
37739	169
6561	169
37740	169
6563	169
36885	16א
1086	16א
1084	16א
16229	16א
187	16א
27325	17
27324	17
36505	17
36506	17
1091	17
3639	17
1087	17
37647	17
18007	17
19582	17
19581	17
18006	17
24044	17
41214	17
41215	17
3641	17
33207	17
2327	17
10399	17
10398	17
2326	17
1323	17
3642	17
7904	17
7902	17
14122	17
23	17
21	17
9931	17
9932	17
10816	17
10817	17
4733	17
26901	17
26902	17
7903	17
4732	17
42798	17
7905	17
36397	17
36416	17
15291	170
15292	170
7565	170
7563	170
22988	170
22987	170
20563	170
16744	170
16743	170
9872	171
9873	171
35951	171
35952	171
24291	171
24292	171
10880	171
10879	171
16746	171
16745	171
9809	172
9808	172
30763	172
6567	172
43396	173
43397	173
24293	173
24294	173
17047	173
17046	173
6568	173
6569	173
5968	174
5962	174
17214	174
20424	174
17043	174
17050	174
12670	174
12671	174
29733	174
29734	174
18306	175
18750	175
43961	176
43962	176
5978	176
5977	176
17001	176
17000	176
17000	176
18330	176
18879	176
5982	177
5979	177
15810	177
15811	177
18057	177
18438	177
36477	178
36478	178
40	178
39	178
11570	178
11571	178
17003	179
17002	179
17002	179
20580	179
20581	179
20582	179
20583	179
33208	17א
22	17א
24	17א
3640	17א
3643	17א
2328	18
2332	18
10797	18
10799	18
3651	18
3644	18
25399	18
1751	18
30806	18
30807	18
16577	18
1753	18
17526	18
25397	18
17525	18
33233	18
29225	18
15442	18
15440	18
37689	18
2336	18
2338	18
37688	18
34457	18
34458	18
40918	18
40916	18
11307	18
10800	18
30721	18
10334	18
11909	18
11908	18
40917	18
10335	18
21379	18
21380	18
29798	18
29799	18
37126	18
37127	18
11282	18
3646	18
3645	18
3652	18
3653	18
3647	18
3650	18
17006	180
17004	180
14167	180
14166	180
17102	180
17103	180
14168	180
17810	180
17811	180
14169	181
15805	181
14170	181
15804	181
14172	181
28068	182
28066	182
15806	182
15807	182
17899	183
28071	183
15511	183
28069	183
17898	183
8515	183
15512	183
28070	183
8513	183
36418	184
29735	184
14175	184
14174	184
15513	185
8524	185
15514	185
29738	185
29737	185
14196	185
14195	185
29843	186
29842	186
15515	186
8528	186
14101	186
20361	186
20278	187
20279	187
15517	188
15518	188
14176	188
8536	188
14177	188
29739	188
29740	188
9813	189
9811	189
15519	189
15520	189
26424	189
29844	189
29845	189
33173	189
33174	189
33234	18א
29276	18א
20606	18א
20607	18א
11336	18א
195	18א
28740	18א
10804	19
2342	19
2340	19
10802	19
20818	19
3656	19
25401	19
3659	19
25403	19
19965	19
19966	19
43238	19
22233	19
22234	19
937	19
936	19
22863	19
22864	19
3657	19
29697	19
29698	19
15081	19
25404	19
10803	19
15082	19
37698	19
37697	19
7909	19
7911	19
25402	19
10806	19
14060	19
10807	19
11209	19
11210	19
14059	19
11881	19
17446	19
42791	19
42795	19
3658	19
25433	190
25432	190
25432	190
14792	190
15521	190
15522	190
14791	190
14105	191
14106	191
14794	191
14793	191
15450	192
15445	192
25434	193
25435	193
37122	194
37122	194
37121	194
16210	194
16209	194
17104	195
17106	195
17105	195
40183	198
40182	198
18382	199
10801	19א
3660	19א
26759	19א
11283	19א
36886	1א
12128	1א
4182	1א
20393	1א
16892	1א
20394	1א
2111	1א
16891	1א
37826	1א
40647	1א
20615	1א
40649	1א
1065	1א
1068	1א
11693	2
11695	2
18079	2
18561	2
11074	2
11073	2
2240	2
2242	2
35679	2
35680	2
36753	2
17684	2
27082	2
17685	2
27081	2
23484	2
11850	2
16703	2
16702	2
849	2
17786	2
17787	2
847	2
15274	2
15275	2
21330	2
40033	2
40660	2
23723	2
23724	2
16711	2
40661	2
16579	2
16578	2
16710	2
36799	2
36800	2
7944	2
18010	2
17842	2
16700	2
19785	2
19786	2
25274	2
18008	2
14788	2
14789	2
16701	2
17839	2
25275	2
43123	2
957	2
260	2
258	2
41355	2
7345	2
16894	2
16682	2
16683	2
10690	2
5	2
26637	2
26638	2
3	2
16893	2
44104	2
44105	2
4195	2
23442	2
23444	2
23441	2
23443	2
34446	R2
44280	2
44281	2
259	2
12013	2
261	2
263	2
7833	2
11870	2
11871	2
11872	2
11873	2
19750	2
19751	2
26894	2
26905	2
10184	20
18000	20
18001	20
23822	20
23821	20
3662	20
19584	20
19583	20
19967	20
19968	20
37117	20
17687	20
17686	20
8209	20
27980	20
10181	20
8208	20
27979	20
10182	20
10185	20
4248	20
37901	20
37902	20
29700	20
12145	20
12146	20
7913	20
29701	20
11517	20
40910	20
15586	20
31299	200
4396	200
4394	200
11323	200
11625	200
11623	200
15146	201
15145	201
3354	201
3356	201
11358	201
11359	201
3360	201
19717	202
19716	202
11197	202
11196	202
13590	202
13591	202
15125	203
15124	203
3362	204
3363	204
15126	204
15127	204
27900	205
30714	205
27899	205
7528	205
7527	205
13574	205
13573	205
30715	205
30712	206
30713	206
29760	207
29759	207
11116	208
11117	208
21900	208
21901	208
19421	209
19420	209
15722	209
15723	209
23306	209
37118	20א
12378	21
12379	21
30565	21
30563	21
19759	21
19760	21
25580	21
25581	21
23991	21
2103	21
23992	21
2104	21
21367	21
21372	21
44078	21
44079	21
12365	21
12364	21
14215	21
14216	21
36417	21
17843	21
17844	21
1759	21
1762	21
17932	21
17933	21
36398	21
12197	21
37520	21
12196	21
37519	21
3665	21
14123	21
8628	210
4399	210
4400	210
11594	210
8620	210
37668	210
8632	210
8629	210
8631	210
40266	210
15725	211
15727	211
44	212
43	212
15128	213
17156	213
17157	213
15816	213
15817	213
20642	214
11565	215
11564	215
10376	215
10377	215
28391	215
40410	215
40411	215
28390	215
11568	216
11569	216
15728	216
21324	217
21325	217
39416	217
28925	217
15832	218
30568	218א
9644	219
9645	219
29830	21א
29832	21א
1095	22
1097	22
13367	22
13369	22
17532	22
17531	22
5502	22
5499	22
27744	22
27743	22
30566	22
30567	22
41898	22
2105	22
2106	22
40913	22
40911	22
312	22
36881	22
27977	22
27978	22
38750	22
14786	22
14787	22
38751	22
25680	22
25681	22
12356	22
12354	22
1915	22
1916	22
28613	22
28614	22
40912	22
40915	22
11596	220
11595	220
46	220
47	220
8640	220
8639	220
13764	220
13765	220
8646	220
8648	220
8643	220
4161	221
4162	221
5148	221
5149	221
15820	221
15821	221
18086	221
18572	221
28144	222
28143	222
25487	222
11205	222
11206	222
18207	222
18576	222
12292	224
12293	224
18261	224
18573	224
18217	225
18540	225
17927	225
40162	226
40163	226
20625	226
20624	226
3364	226
33664	226
3365	227
33229	228
33627	228
11101	228
11102	228
9646	229
9647	229
36880	22א
37125	22א
37124	22א
40973	22א
40974	22א
5500	22א
2358	23
24224	23
19761	23
19762	23
1100	23
1099	23
10188	23
15499	23
2107	23
15498	23
2108	23
17535	23
17534	23
33663	23
17130	23
17703	23
17704	23
17131	23
25683	23
25682	23
15474	23
15473	23
28273	23
28274	23
11436	23
10857	23
10858	23
14862	23
10186	23
11327	23
11329	23
3684	23
10187	23
11598	230
11597	230
29501	230
29502	230
7728	230
8656	230
7727	230
8663	230
8665	230
8657	230
40011	231
9486	231
9485	231
15131	232
15133	232
23730	233
23731	233
30730	233
30731	233
15136	234
15135	234
27044	236
1035	236
1034	236
13717	236
13718	236
18736	237
18378	237
17826	238
17827	238
18325	238
18773	238
10977	239
10976	239
40167	239
40168	239
9648	239
9649	239
33662	23א
8494	23א
41206	23א
3672	23א
28001	23א
28002	23א
10195	24
17538	24
17537	24
22826	24
22825	24
3697	24
36593	24
3695	24
36594	24
11028	24
39930	24
11026	24
39929	24
18162	24
37584	24
10193	24
10189	24
8284	24
8288	24
317	24
28015	24
316	24
21200	24
4263	24
25706	24
25686	24
38937	24
38938	24
9538	24
9539	24
11453	24
10197	24
11670	24
11671	24
14885	24
2362	24
2365	24
37517	24
37518	24
13631	24
13782	24
9822	240
9822	240
9821	240
9821	240
11600	240
24210	240
11599	240
16583	240
16582	240
29613	240
29614	240
8673	240
37669	240
8683	240
26516	240
8680	240
8682	240
37673	240
24209	241
21700	241
21699	241
26244	241
26245	241
18720	241
18181	241
35325	242
35326	242
14109	242
14110	242
18406	242
18869	242
13598	243
13598	243
13599	243
13599	243
41593	244
41594	244
13792	244
13793	244
18476	244
18251	244
18655	245
18118	245
11929	245
11930	245
19658	245
19657	245
4163	245
4165	245
40169	246
40170	246
14805	246
14806	246
32049	246
11932	247
11931	247
14801	247
14802	247
7721	247
7723	247
14797	248
14798	248
15106	248
15107	248
10120	249
3372	249
10119	249
3375	249
3374	249
3373	249
9650	249
9651	249
16263	24א
16264	24א
2369	25
2379	25
17545	25
17546	25
1104	25
1105	25
5526	25
5528	25
3701	25
3703	25
10278	25
10277	25
19763	25
36945	25
19764	25
8292	25
8294	25
39408	25
17858	25
31829	25
31830	25
17857	25
20541	25
20542	25
11559	25
11699	25
11700	25
11558	25
32741	25
3702	25
32742	25
3704	25
43450	25
43451	25
16586	250
16587	250
27924	250
27925	250
2774	250
2775	250
4401	251
4403	251
2776	251
41681	251
17051	251
17057	251
39385	251
39386	251
29744	251
29745	251
33512	252
33513	252
16591	252
16786	252
27926	252
27927	252
16590	252
15658	252
16787	252
15657	252
17911	253
17912	253
27928	253
27929	253
28193	254
15115	254
27931	254
27930	254
39631	254
39632	254
15147	255
29484	255
29483	255
6575	255
6572	255
20283	255
29606	255
20634	256
24197	256
24198	256
28911	256
28912	256
15178	257
28918	257
28917	257
32678	257
32679	257
35158	258
35157	258
17960	258
17961	258
11280	258
11279	258
41246	258
11381	258
37513	258
37514	258
11098	259
11097	259
36946	25א
5527	25א
22213	25א
41257	26
19765	26
19766	26
26015	26
19585	26
9842	26
9843	26
8296	26
8298	26
18003	26
18002	26
11756	26
11755	26
15587	26
15588	26
29794	26
29795	26
10201	26
12332	26
12333	26
7951	26
7953	26
3090	26
3095	26
8297	26
8299	26
31836	260
31837	260
28907	260
19665	260
28908	260
19666	261
4409	261
19667	262
19668	262
21838	262
21839	262
28919	262
15168	263
15167	263
4424	263
4432	263
17185	263
17186	263
17248	263א
19795	264
19796	264
19779	264
19780	264
7695	265
7693	265
37613	265
37612	265
19851	265
19852	265
16214	266
16216	266
35030	266
35032	266
26615	267
26617	267
33154	267
33155	267
26618	267
26616	267
11124	267
11125	267
19775	268
19776	268
14046	268
13752	268
13753	268
13756	268
16923	269
16924	269
10202	26א
26017	26א
26021	26א
39121	27
39122	27
7922	27
7921	27
1110	27
1107	27
41666	27
41665	27
16384	27
16385	27
15780	27
27983	27
27981	27
12843	27
15779	27
8300	27
8302	27
29796	27
29797	27
323	27
14200	27
321	27
11372	27
14199	27
11371	27
20421	27
3104	27
16366	27
19920	27
19921	27
16325	27
8303	27
8301	27
25558	270
19601	270
17059	270
17060	270
28037	270
28038	270
4440	271
9877	271
9880	271
4444	271
39822	271
39823	271
43566	271
43568	271
43567	271
43569	271
4448	272
4447	272
29189	272
29188	272
35883	273
3529	273
3530	273
35886	274
19602	274
3383	274
15150	275
29847	275
29846	275
9748	275
32423	276
32425	276
32425	276
16988	276
16987	276
16987	276
15174	276
29746	276
29747	276
11537	277
24281	277
17016	277
17020	277
17017	277
27164	277
20626	278
17054	278
17055	278
17026	279
17026	279
17027	279
18067	279
18449	279
27984	27א
27982	27א
32647	27א
3712	28
3709	28
10211	28
10208	28
39126	28
39127	28
27304	28
27303	28
15589	28
15590	28
1411	28
1415	28
41640	28
11561	28
11560	28
7970	28
12339	28
12340	28
327	28
7971	28
325	28
38939	28
38940	28
10910	28
10911	28
21807	28
21808	28
15782	28
26035	28
26036	28
10209	28
15781	28
19614	28
19678	28
3716	28
13239	28
3713	28
17007	280
17011	280
34928	280
34929	280
51	280
50	280
17154	280
17155	280
20627	281
26422	281
17030	281
17031	281
26423	281
39384	281
17032	281
2777	282
2778	282
17721	282
17720	282
18319	283
18253	283
17033	283
17034	283
39393	283
39394	283
56	284
57	284
17723	284
17722	284
29848	284
29849	284
15554	284
20637	285
39387	285
39389	285
29850	285
20284	285
39388	285
39390	285
9266	285
9267	285
20635	286
29851	286
29852	286
15149	287
17914	287
1207	287
20076	288
20075	288
29854	288
44323	288
44324	288
9824	289
9823	289
26352	289
26351	289
37361	28א
39123	28א
7967	28א
41641	28א
7968	28א
12409	29
12409	29
7924	29
7929	29
36508	29
36507	29
33181	29
33182	29
19615	29
29678	29
29679	29
29806	29
12407	29
12407	29
12408	29
12408	29
7932	29
7927	29
14988	29
14989	29
41999	29
15564	29
11761	29
15563	29
41998	29
11762	29
12200	29
15018	29
18843	290
18417	290
29748	290
29749	290
12373	290
16359	290
18758	291
18280	291
29750	291
29751	291
16360	291
2783	292
2781	292
18668	292
18735	292
17429	292
17430	292
29754	292
29755	292
29194	292
16361	292
16362	292
18149	293
18512	293
9633	293
9634	293
29752	293
29753	293
16363	293
18099	294
18624	294
515	294
516	294
29756	294
29757	294
16365	294
40159	295
29758	295
40160	295
1628	296
1629	296
14951	296
14952	296
13761	296
40165	296
13760	296
40166	296
29859	296
29860	296
39985	296
39986	296
12259	297
12260	297
18731	297
31137	297
31138	297
40433	298
16189	298
16188	298
35884	299
35885	299
17278	299
17279	299
1549	299
1554	299
21338	299
1550	299
21337	299
33337	29א
33338	29א
36754	2א
43122	2א
41356	2א
18009	2א
16895	2א
18011	2א
20249	2א
4	2א
6	2א
142	2א
143	2א
29919	3
34450	R3
34449	R3
18816	3
18377	3
10393	3
11263	3
17641	3
11309	3
11308	3
17640	3
2248	3
264	3
27084	3
36757	3
36758	3
30808	3
2246	3
850	3
27083	3
852	3
34106	3
37095	3
37094	3
34104	3
11511	3
11512	3
11821	3
4202	3
20817	3
20816	3
11822	3
1673	3
16896	3
14212	3
14213	3
41222	3
41223	3
16704	3
40650	3
16706	3
40651	3
16686	3
7	3
16687	3
16712	3
8	3
36801	3
36802	3
16713	3
13935	3
13934	3
16596	3
29283	3
29284	3
13555	3
13556	3
16597	3
37102	3
37101	3
7843	3
4197	3
29242	3
10985	3
33274	3
33273	3
12206	3
10695	3
29243	3
233	3
234	3
27789	3
29777	3
27788	3
37795	3
17995	3
37796	3
16705	3
16707	3
18031	3
23995	3
10946	3
22898	3
14095	3
16115	3
16116	3
19603	3
21090	3
23566	3
10389	3
3719	30
3723	30
25344	30
26487	30
25345	30
12421	30
8213	30
28562	30
8212	30
1430	30
1434	30
12118	30
23551	30
23552	30
12117	30
15181	30
15179	30
20457	30
20460	30
15733	30
15735	30
16539	30
16538	30
12419	30
15105	30
15104	30
20458	30
20461	30
15180	30
15734	30
11519	30
7395	300
7393	300
14799	300
14800	300
10341	300
8693	300
7394	300
8690	300
10340	300
14180	301
14184	301
7396	301
7400	301
14181	301
14185	301
7398	301
10760	301
14182	301
43956	301
17953	302
17952	302
11554	302
11554	302
17651	302
20070	302
14186	302
24287	302
24288	302
14187	302
17650	302
17924	303
25368	303
23676	303
25367	303
15077	304
12672	304
15078	304
12592	304
12592	304
21702	304
30717	304
36749	305
36750	305
17724	306
17725	306
17943	307
17944	307
36793	308
36794	308
33256	308
33257	308
27725	309
27726	309
26488	30א
12420	30א
26710	30א
26711	30א
33285	31
33286	31
2415	31
2419	31
29463	31
29462	31
25561	31
10221	31
10220	31
3729	31
16599	31
16598	31
3726	31
12119	31
12120	31
33287	31
8309	31
8304	31
2417	31
18367	31
18707	31
24049	31
14025	31
24048	31
25346	31
8308	31
19586	31
19587	31
8307	31
11604	310
11603	310
27727	310
27728	310
8697	310
17947	311
17940	311
34136	311
34137	311
41701	311
41702	311
9658	311
9659	311
60	312
58	312
17737	312
17736	312
9660	312
9661	312
62	313
61	313
17751	313
17752	313
64	314
65	314
9662	314
9663	314
67	315
66	315
21234	316
21235	316
9664	316
9665	316
15822	317
15823	317
9666	317
9668	317
19704	318
19705	318
33259	318
33258	318
6581	319
6585	319
11509	319
11510	319
6586	319
6582	319
25563	31א
23917	32
33344	32
23916	32
17557	32
19617	32
17558	32
21203	32
37501	32
37306	32
37307	32
12204	32
7934	32
7936	32
8311	32
21356	32
21357	32
8312	32
12203	32
12291	32
11483	32
25348	32
7935	32
68	320
8724	320
11605	320
69	320
8716	320
72	321
71	321
28486	321
28487	321
70	321
9670	321
9671	321
28268	322
28267	322
73	322
75	322
9672	322
9673	322
77	323
79	323
16602	323
16603	323
15537	323
15536	323
20846	324
20847	324
80	324
9674	324
9675	324
15819	325
15818	325
16553	325
16554	325
81	326
17211	326
17212	326
9676	326
9677	326
9678	327
9680	327
33261	328
33260	328
33345	32א
33157	32א
216	32א
19616	32א
9776	33
9775	33
10235	33
29703	33
29677	33
39474	33
3743	33
10238	33
10239	33
2052	33
18012	33
10236	33
11764	33
11763	33
10237	33
8314	33
10241	33
15591	33
20257	33
8313	33
10242	33
24168	33
24169	33
22680	33
22682	33
11347	33
25846	33
12856	33
11607	330
11606	330
16607	330
16606	330
82	330
83	330
8734	330
8735	330
8243	331
8236	331
9682	331
9683	331
1569	332
1575	332
16608	332
16609	332
44064	332
44066	332
44065	332
44067	332
9684	332
9685	332
36017	333
17139	333
17140	333
8271	333
8267	333
95	333
8268	333
8273	333
10759	333
94	333
8270	333
8272	333
10758	333
8269	333
8274	334
8275	334
9686	334
9687	334
8320	335
8319	335
11110	336
11109	336
8282	336
8283	336
9688	336
9689	336
10169	337
10170	337
9690	337
9692	337
1595	338
1598	338
33263	338
33262	338
8281	339
8279	339
39475	33א
18013	33א
33180	33א
3746	33א
12422	34
12424	34
17421	34
17423	34
39476	34
39477	34
17547	34
17548	34
3748	34
2428	34
2429	34
18014	34
2055	34
18658	34
18129	34
4784	34
16610	34
16611	34
3750	34
3747	34
11608	340
11609	340
85	340
87	340
8770	340
8773	340
39400	341
39401	341
9694	341
9695	341
1604	342
1606	342
28292	342
28293	342
9696	342
9697	342
12323	343
12324	343
20666	344
20667	344
9698	344
9699	344
28557	345
28556	345
11506	345
11507	345
11507	345
9700	346
9701	346
10934	347
10933	347
28294	347
28295	347
9702	347
9704	347
912	348
913	348
10868	348
10869	348
15385	348
15384	348
33255	348
33284	348
15815	349
15814	349
15117	349
15116	349
18467	35
12380	35
12382	35
18726	35
25407	35
25408	35
509	35
511	35
11799	35
11800	35
20463	35
20464	35
26	35
25	35
18422	35
1806	35
1802	35
7649	35
7651	35
18876	35
17134	35
510	35
512	35
1808	35
19618	35
19619	35
6601	350
6588	350
941	350
939	350
940	350
942	350
17863	350
22871	350
17864	350
22870	350
17845	350
16203	351
16204	351
39952	351
39951	351
18242	352
18471	352
8123	352
18881	352
18882	352
8122	352
26449	352
18110	352
29834	352
8124	353
8128	353
17407	353
17408	353
8126	353
8130	353
943	354
945	354
2785	354
2786	354
944	354
946	354
6622	355
6623	355
916	356
918	356
16073	356
16072	356
919	356
917	356
17226	356
12343	357
12344	357
11710	357
11711	357
18426	358
18795	358
8135	358
37694	358
8136	358
37693	358
10256	359
10257	359
17962	359
33183	35א
33184	35א
22122	36
963	36
960	36
15354	36
15355	36
11431	36
11432	36
30	36
3760	36
12124	36
12123	36
20465	36
20466	36
3753	36
16552	36
7653	36
7655	36
15565	36
15566	36
15271	36
15272	36
16551	36
28	36
3764	36
3756	36
28125	36
30779	36
10243	36
10246	36
28775	360
28774	360
24985	360
24986	360
4475	361
4474	361
28131	361
28132	361
16612	361
16613	361
27380	362
27381	362
28883	363
28882	363
16545	363
16544	363
1875	364
1876	364
20878	364
20879	364
27383	364
27382	364
28088	365
28089	365
1608	365
1609	365
1878	365
1877	365
28884	366
28885	366
465	367
467	367
8140	367
8141	367
19953	368
19954	368
8148	368
8145	368
8151	369
8162	369
8153	369
8164	369
8155	369
8165	369
3761	36א
3766	36א
3757	36א
965	37
968	37
31877	37
31878	37
3768	37
3778	37
31	37
32	37
7985	37
19288	37
19289	37
16184	37
16186	37
7657	37
7659	37
36020	37
36021	37
12121	37
12122	37
15592	37
15593	37
16185	37
16187	37
20242	37
7979	37
3769	37
8171	370
8170	370
28910	371
28909	371
11492	371
11494	371
11493	371
28768	372
28769	372
39854	372
39980	372
11708	373
11709	373
27859	374
27858	374
29220	374
29226	374
10853	375
10854	375
10854	375
28875	376
28874	376
27861	377
27860	377
10856	377
10855	377
16998	377
16999	377
18710	377
17897	377
10295	378
10296	378
10296	378
17025	379
17024	379
16985	379
38343	379
16550	379
3777	37א
3773	37א
31876	37א
3774	37א
3781	37א
29619	38
18632	38
18770	38
3782	38
16795	38
11267	38
16794	38
9603	38
9604	38
11266	38
7661	38
7663	38
9300	38
20422	38
20423	38
9299	38
17415	380
17414	380
28838	380
28839	380
8176	380
8177	380
27951	380
27950	380
28085	381
28084	381
28090	382
28091	382
28895	383
28844	383
11151	383
5160	383
19075	383
19077	383
27031	384
27030	384
19746	384
19747	384
33239	384
33240	384
37112	384
22976	385
22977	385
19076	385
19078	385
8179	386
8182	386
29855	386
29856	386
20208	387
16490	387
29556	387
8188	388
8185	388
41933	388
41932	388
41934	389
41935	389
7423	389
7419	389
16254	389
18047	38א
18046	38א
10422	39
25548	39
25549	39
9780	39
9779	39
10420	39
9439	39
9441	39
19622	39
11801	39
11803	39
11268	39
11269	39
23376	39
23375	39
15594	39
15595	39
341	39
344	39
7665	39
7667	39
8887	39
15972	39
19620	39
5170	390
5164	390
32676	390
32677	390
40029	391
40030	391
11152	391
24285	391
26102	391
34001	391
24284	391
39399	392
11891	392
39395	392
39397	392
7444	393
24060	393
7434	393
7436	393
7433	393
33629	393
11495	395
16124	395
7462	397
7459	397
43788	398
28924	399
43789	399
5182	399
10421	39א
19621	39א
3787	39א
22860	3א
23996	3א
4198	3א
2256	4
2255	4
32346	4
32348	4
11524	4
11523	4
11265	4
16990	4
16991	4
18363	4
18691	4
17510	4
17511	4
28388	4
2011	4
2012	4
28387	4
16616	4
16617	4
4209	4
30800	4
30801	4
16676	4
9833	4
36759	4
36760	4
12092	4
12093	4
16677	4
20691	4
41220	4
41221	4
20690	4
29649	4
29650	4
9835	4
36878	4
15579	4
36797	4
36798	4
37173	4
40664	4
22897	4
43125	4
40662	4
43124	4
22896	4
1684	4
12351	4
1687	4
12352	4
37099	4
37100	4
11819	4
4206	4
11820	4
33276	4
33275	4
9	4
10	4
10788	4
10786	4
20549	4
27070	4
7852	4
38271	4
38272	4
20550	4
500	4
26653	4
12401	4
26652	4
7854	4
9834	4
40663	4
7851	4
2450	40
2444	40
40923	40
40925	40
3794	40
10489	40
10488	40
7671	40
16619	40
11767	40
15787	40
11768	40
16618	40
7669	40
7697	40
3792	40
3797	40
40924	40
40926	40
13577	40
13578	40
11521	40
3796	40
10785	400
10784	400
26208	400
26209	400
26210	400
43864	401
43462	401
43866	401
43865	401
28509	402
19391	402
6937	403
6936	403
38331	404
38330	404
39903	404
39904	404
19721	406
19722	406
17107	407
17110	407
6653	407
6654	407
10959	408
10962	408
15448	408
15449	408
36702	408
27376	409
27377	409
28410	409
28409	409
3791	40א
3793	40א
2451	41
2453	41
23547	41
23548	41
32664	41
353	41
354	41
239	41
241	41
16620	41
881	41
11775	41
11776	41
880	41
16622	41
7673	41
7675	41
22916	41
16422	41
240	41
16423	41
22917	41
242	41
34134	41
34135	41
28770	410
28771	410
43247	410
43248	410
28302	411
28404	411
920	411
923	411
15526	411
15526	411
15525	411
15525	411
28777	411
28776	411
931	412
927	412
15544	412
15545	412
28403	412
28402	412
19961	413
19962	413
28405	413
28406	413
33268	416
33269	416
2948	418
2949	418
2457	42
2454	42
23545	42
23546	42
20160	42
20161	42
5638	42
5639	42
19624	42
887	42
889	42
11438	42
11437	42
15597	42
7677	42
7679	42
15596	42
27853	42
27852	42
26936	42
15987	421
15988	421
14981	421
14980	421
30765	421
10007	422
10014	422
37521	423
37522	423
14983	423
14982	423
15539	424
15538	424
7632	424
7633	424
10020	425
37523	425
37524	425
10374	425
10375	425
10021	425
19706	426
19707	426
19959	426
19960	426
19963	426
19969	426
10022	427
10023	427
37525	427
37526	427
14986	428
14987	428
14984	429
14985	429
19623	42א
5640	42א
26937	42א
2458	43
2460	43
13248	43
13247	43
36914	43
36913	43
489	43
493	43
11439	43
11440	43
15795	43
15794	43
7681	43
7683	43
28773	43
16881	43
28772	43
16883	43
16882	43
16884	43
21925	430
21926	430
19669	430
19670	430
4488	430
4486	430
19708	431
6680	431
1611	431
1613	431
1614	431
15738	432
15901	432
6954	433
6952	433
6960	434
6955	434
16379	434
16380	434
1044	436
6965	436
1046	436
6964	436
6966	437
6967	437
20071	437
20072	437
32673	437
6969	437
32672	437
6973	439
6978	439
14587	44
14569	44
25956	44
25955	44
14021	44
14023	44
25455	44
25456	44
11455	44
11454	44
10819	44
10818	44
23418	44
23419	44
367	44
364	44
7685	44
7687	44
16424	44
16425	44
11769	44
11770	44
7988	44
8004	44
13771	44
13772	44
15616	44
40419	44
40417	44
15617	44
17814	440
17815	440
28878	440
28879	440
32667	440
32668	440
17213	441
37720	441
4494	442
4493	442
14031	442
16625	442
16626	442
17496	444
17497	444
7467	444
7469	444
7470	444
25366	445
25365	445
6993	445
6994	445
16627	445
16628	445
27018	446
27017	446
6995	446
6998	446
9484	447
9483	447
7001	448
37719	448
7003	449
37679	449
2466	45
2467	45
891	45
892	45
5650	45
5652	45
19626	45
19625	45
11771	45
11772	45
39409	45
43582	45
372	45
12212	45
379	45
381	45
12211	45
15796	45
15797	45
8025	45
8034	45
43116	45
43117	45
44068	45
44070	45
44069	45
245	450
243	450
37715	450
19846	450
15604	450
15605	450
29362	450
29363	450
34081	450
16983	450
11933	451
11934	451
37716	451
6695	451
16727	451
247	451
35701	451
37717	451
11935	451
8438	451
8437	451
19098	452
248	452
11979	452
17877	453
17878	453
11937	454
11936	454
11936	454
10224	454
10225	454
16068	454
16070	454
16491	454
16491	454
251	455
252	455
11938	455
15824	455
15825	455
7004	456
11939	457
11940	457
34418	457
34365	457
9436	458
9436	458
8189	458
11945	458
8190	458
37721	459
39936	459
33282	459
39937	459
21189	46
21188	46
21188	46
19628	46
19627	46
15352	46
15353	46
18371	46
12213	46
12214	46
18738	46
894	46
893	46
8045	46
40975	46
40976	46
40977	46
10954	460
10953	460
10953	460
19778	460
19777	460
11941	461
8451	461
11942	461
8447	461
28041	461
28039	461
16921	461
16922	461
8448	461
10952	462
10951	462
10951	462
28045	462
28046	462
24251	462
24252	462
121	462
121	462
2950	463
2951	463
28047	464
28048	464
16629	464
16630	464
17563	464
17564	464
10983	464
10984	464
16631	465
16632	465
28050	465
6392	465
2953	466
24243	466
24244	466
2952	466
28053	466
28054	466
28055	467
17141	467
17142	467
28056	467
43303	468
43304	468
28051	468
28052	468
23763	468
30755	468
30756	468
13582	469
13581	469
28058	469
28057	469
7700	47
7699	47
19630	47
19629	47
11773	47
11774	47
16801	47
10778	47
10780	47
16543	47
16542	47
384	47
10844	47
383	47
10843	47
18446	47
18788	47
5661	47
5663	47
28018	47
28019	47
10781	47
10779	47
7005	470
7008	470
17930	470
17931	470
16790	471
16791	471
27914	471
27913	471
19726	471
19727	471
14553	472
14554	472
28381	472
28380	472
39371	472
39372	472
35160	473
16796	473
16797	473
10978	474
17566	474
17565	474
10979	474
131	475
128	475
129	475
10955	475
10980	475
132	475
39402	475
39403	475
28062	475
28063	475
10982	476
10981	476
38328	476
38329	476
20752	477
20753	477
34931	477
39979	477
17044	477
17045	477
20870	478
20871	478
37680	478
25783	479
25786	479
26460	479
28061	479
16800	47א
36788	47א
36789	47א
7704	48
7701	48
7364	48
7361	48
35	48
37	48
10429	48
4285	48
12215	48
4282	48
12217	48
15475	48
15476	48
4281	48
7020	480
7023	480
7022	480
7034	480
10958	480
7028	480
7033	480
7024	480
19755	481
19756	481
43957	482
14579	482
19183	482
19184	482
19094	484
19095	484
19180	485
19181	485
19308	485
19309	485
19729	486
19728	486
7039	486
29857	486
29858	486
7048	486
7044	486
13568	486
19730	487
7058	487
17431	488
17432	488
13763	489
28892	489
28891	489
13762	489
10430	48א
7363	48א
35598	49
35597	49
19632	49
19631	49
2482	49
2484	49
12223	49
12224	49
7367	49
21344	49
12135	49
12136	49
897	49
896	49
97	49
98	49
34316	490
34317	490
24234	492
29683	492
24233	492
24236	494
24235	494
24241	495
24242	495
24245	496
24246	496
29656	498
29655	498
29689	499
29691	499
2483	49א
29591	4א
29590	4א
36879	4א
17090	4א
17089	4א
18475	4א
31153	4א
31154	4א
18127	4א
34088	4א
37174	4א
43069	4א
34089	4א
43070	4א
4207	4א
2259	5
2261	5
40081	5
34095	5
11513	5
11514	5
17514	5
17513	5
2013	5
2017	5
16989	5
1698	5
1695	5
29928	5
29929	5
10866	5
20217	5
2262	5
2263	5
19579	5
20216	5
17855	5
16709	5
19580	5
10865	5
16708	5
31136	5
29670	5
29669	5
29092	5
9838	5
9493	5
29093	5
9836	5
15610	5
15611	5
40652	5
40654	5
9496	5
13720	5
43121	5
1253	5
1251	5
16635	5
16636	5
12358	5
12360	5
36755	5
36756	5
41353	5
41486	5
20258	5
4212	5
26639	5
26640	5
27139	5
20259	5
15102	5
15103	5
12	5
11447	5
11448	5
34129	5
11	5
12147	5
12148	5
7855	5
7856	5
12439	5
16123	5
27274	5
27273	5
42807	5
26896	5
26895	5
37742	50
37741	50
12376	50
20693	50
20692	50
22453	50
8219	50
8218	50
16722	50
16721	50
15653	50
15652	50
14218	50
12141	50
12142	50
14219	50
28920	50
15111	50
15112	50
33197	50
15798	50
15799	50
33196	50
28921	50
14127	50
14126	50
26513	50
15469	50
15470	50
29699	50
43758	50
43759	50
19672	500
19671	500
11943	500
11943	500
11944	500
22211	500
8457	500
8454	500
8454	500
12590	500
12590	500
5193	501
5189	501
28213	501
41931	503
16381	503
16382	503
19170	503
24263	503
33245	504
5208	504
19686	504
14996	504
14997	504
15000	504
15001	504
36947	505
19673	505
19674	505
5210	505
5211	505
23532	506
23533	506
17194	506
17193	506
24052	506
17220	506
20266	507
20267	507
37746	508
37745	508
20273	509
20272	509
41572	509
41573	509
22452	50א
2492	51
2489	51
32654	51
20647	51
20648	51
9546	51
9548	51
15808	51
15809	51
25524	51
25525	51
900	51
899	51
16637	51
16638	51
21724	51
21725	51
12221	51
12220	51
12219	51
29674	51
29673	51
10490	51
10491	51
12222	51
21180	51
11915	51
39664	510
39665	510
33656	511
33657	511
44300	511
44301	511
43249	512
43250	512
20295	516
20296	516
20297	517
20298	517
32665	51א
21181	51א
21182	51א
20649	52
10431	52
20650	52
2494	52
10433	52
2495	52
28209	52
28210	52
20317	52
20318	52
10434	52
10432	52
34082	52
34083	52
10820	52
10821	52
12225	52
12226	52
9551	52
20243	52
20244	52
9553	52
16639	52
16640	52
28948	52
28947	52
25521	52
25523	52
28279	52
28280	52
9554	52
40922	52
40921	52
479	522
484	522
5214	524
5216	524
5221	525
5218	525
25958	53
25957	53
20651	53
20652	53
10435	53
10437	53
12232	53
12231	53
12129	53
12130	53
9558	53
9555	53
10822	53
10823	53
25527	53
25526	53
16641	53
16642	53
10436	53
12386	53
11633	53
11634	53
12310	53
11916	53
44308	53
44309	53
33244	531
5226	531
5224	531
5230	532
25628	532
18605	532
19687	532
20073	537
20074	537
10438	53א
10440	54
10276	54
10439	54
23911	54
20655	54
20785	54
20786	54
20653	54
28117	54
28116	54
12233	54
12235	54
15598	54
15599	54
31838	54
31839	54
25528	54
12156	54
12157	54
25529	54
16643	54
16644	54
20656	54
22640	54
8050	54
20654	54
32655	54
8813	54
11619	54
11620	54
11823	54
12302	54
40930	54
8808	54
8809	54
8811	54
8812	54
40927	54
40929	54
40928	54
12303	54
37743	540
37744	540
22222	541
22221	541
13397	541
13398	541
13399	542
13218	542
19375	543
19376	543
19972	543
19973	543
10323	546
10324	546
10298	547
10297	547
16255	547
16256	547
16335	548
16336	548
10326	549
10329	549
38269	54א
38270	54א
12236	54א
27305	55
976	55
974	55
14565	55
14564	55
23043	55
23042	55
20659	55
15601	55
20658	55
15600	55
31840	55
16645	55
16646	55
31841	55
14128	55
10881	55
10882	55
14131	55
8197	55
12227	55
12229	55
8199	55
10442	55
12228	55
12230	55
10441	55
11621	55
11622	55
14815	55
16306	55
11917	55
11918	55
35424	55
35425	55
977	55
975	55
20341	55
20342	55
19177	550
6768	550
5234	551
19688	551
41818	551
26387	551
26388	551
44311	552
6779	552
6777	552
44312	553
9923	553
9924	553
19178	554
6787	554
12183	554
6791	554
15037	555
10303	555
13438	555
10300	555
1048	555
16257	555
1049	555
10308	556
10307	556
10311	556
15038	556
16259	556
10315	557
10312	557
16261	557
10316	558
10320	558
35888	558
35887	558
10322	558
10171	559
10172	559
22123	56
980	56
979	56
20661	56
20660	56
23041	56
23040	56
7369	56
7371	56
4288	56
4290	56
22009	56
22010	56
24286	56
10876	56
10875	56
35028	56
906	56
907	56
18987	56
11920	56
18986	56
11627	56
11628	56
12304	56
8831	56
8833	56
10443	56
11919	56
10445	56
19255	56
19256	56
11895	560
11897	560
16265	560
16267	560
16266	560
5242	561
5236	561
36751	564
36752	564
5246	564
5247	564
9724	566
9723	566
5252	567
41903	567
5250	567
18533	567
26097	567
39748	568
39747	568
25061	569
25062	569
7370	56א
10450	57
10449	57
2504	57
36499	57
36500	57
2502	57
17083	57
14809	57
14810	57
10878	57
26254	57
10877	57
26252	57
9937	57
17875	57
17876	57
9933	57
16647	57
16648	57
9935	57
28916	57
11629	57
11630	57
12305	57
12307	57
8837	57
8839	57
28915	57
9938	57
5260	570
19689	570
26144	570
34109	570
34126	570
19691	572
19692	572
5272	575
5273	575
25851	576
25852	576
20493	577
20494	577
20403	577
20404	577
26253	57א
26255	57א
23819	58
23818	58
20663	58
20662	58
2960	58
2959	58
18889	58
18888	58
1419	58
1421	58
10884	58
10883	58
40190	58
40191	58
20757	58
20758	58
32658	58
32659	58
982	58
983	58
9939	58
9941	58
11631	58
11632	58
11824	58
12237	58
12308	58
8841	58
8843	58
23018	58
4870	58
4872	58
34920	580
17092	580
17095	580
17096	580
43215	581
43216	581
15846	581
15847	581
15848	582
15849	582
15852	583
15853	583
15850	584
15851	584
15844	585
15845	585
29776	586
29775	586
15840	586
15841	586
15842	587
15843	587
11697	588
11698	588
15838	588
15839	588
41937	589
41936	589
19317	589
19316	589
19034	589
19035	589
28214	59
20664	59
20665	59
985	59
986	59
10631	59
10751	59
8072	59
8073	59
28914	59
12244	59
10748	59
28913	59
32661	59
32660	59
12245	59
15614	59
15615	59
10750	59
10752	59
11592	59
11593	59
15196	59
8610	59
8614	59
8615	59
15197	59
9503	59
9504	59
17028	590
17029	590
29693	592
29694	592
29662	593
29661	593
29654	594
29653	594
17039	595
17040	595
17041	596
17042	596
28392	597
28393	597
29660	598
29659	598
39391	599
39392	599
16992	5א
43120	5א
41354	5א
9497	5א
9494	5א
41487	5א
34396	5א
34395	5א
4213	5א
40655	5א
41488	5א
40653	5א
16995	5א
42808	5א
11525	6
11526	6
18663	6
18675	6
27759	6
27758	6
16994	6
17644	6
16993	6
27691	6
17643	6
10105	6
10107	6
21328	6
21329	6
31126	6
31127	6
37443	6
2270	6
39212	6
37444	6
27887	6
2267	6
10970	6
10969	6
28384	6
2273	6
36877	6
1254	6
1256	6
10950	6
17854	6
17853	6
21362	6
21363	6
41489	6
1703	6
1702	6
23400	6
23399	6
3575	6
4645	6
28894	6
10967	6
2272	6
2268	6
947	6
948	6
19659	6
28423	6
28424	6
42809	6
40185	6
40187	6
2509	60
2508	60
12241	60
28420	60
28419	60
1529	60
1534	60
39948	60
39947	60
32656	60
32657	60
11751	60
12137	60
12138	60
11750	60
37351	60
37352	60
16749	60
16750	60
4883	60
32000	600
31999	600
696	600
697	600
698	601
700	601
18077	601
22038	602
22109	603
709	604
707	604
712	605
711	605
21994	605
721	606
719	606
18226	606
722	607
21997	608
21999	608
26789	608
23309	608
22041	609
22042	609
12240	60א
2512	61
2510	61
26434	61
34141	61
26433	61
33665	61
43954	61
43955	61
4304	61
2511	61
11270	61
4302	61
11271	61
1539	61
1541	61
33348	61
31958	61
31957	61
727	610
725	610
26464	611
26465	611
22045	612
724	613
723	613
15185	614
15184	614
32549	614
32550	614
20309	615
20310	615
15570	615
20302	616
20301	616
15568	616
15571	616
26788	616
33170	616
33172	616
33171	616
32541	617
32542	617
22047	617
22048	617
32543	617
33158	617
33161	617
32544	618
32545	618
33163	618
33166	618
32546	618
33202	618
32548	619
32547	619
22044	619
22043	619
33167	619
33238	619
33266	62
1130	62
1128	62
23918	62
23919	62
26443	62
26444	62
8232	62
8230	62
11273	62
11272	62
16651	62
16652	62
32662	62
32663	62
31962	62
4893	62
31961	62
20305	620
20306	620
23384	620
23385	620
22049	621
22050	621
33621	621
33620	621
22051	623
22052	623
22055	624
22056	624
11795	625
11796	625
40024	626
40023	626
37608	626
37609	626
42799	628
42800	628
32250	629
32249	629
1129	62א
1131	62א
2517	63
2519	63
26437	63
26258	63
17904	63
10887	63
10888	63
12238	63
12239	63
16653	63
16654	63
34404	63
32528	63
32529	63
4895	63
26764	630
26763	630
21735	631
21736	631
38821	631
25724	632
25725	632
38930	632
19970	633
19971	633
34368	634
34367	634
26478	635
26479	635
26993	636
26994	636
33246	637
33247	637
33248	638
33249	638
33251	639
33250	639
26438	63א
17903	63א
17905	64
23378	64
10459	64
10457	64
28429	64
28430	64
12246	64
12248	64
10458	64
11057	64
11058	64
4309	64
4311	64
20324	64
20325	64
16655	64
34638	64
34639	64
16656	64
12247	64
12249	64
40868	64
40869	64
28602	64
31960	64
31959	64
11778	640
11780	640
11779	640
11781	640
11808	640
11809	640
11782	641
11783	641
10460	64א
26429	65
26430	65
12387	65
12390	65
2528	65
2524	65
386	65
388	65
40919	65
12388	65
40920	65
12391	65
10871	65
10965	65
7644	65
7645	65
10870	65
12250	65
12251	65
2530	65
34636	65
34637	65
16657	65
16658	65
14972	65
14971	65
24289	65
24290	65
32674	65
20612	65
32675	65
34421	65
12389	65
10872	65
34420	65
21993	650
718	650
2533	66
2532	66
33504	66
33505	66
391	66
394	66
12416	66
12415	66
39411	66
10845	66
10846	66
13256	66
13255	66
43696	66
43697	66
16659	66
16660	66
3872	66
11717	660
11718	660
11707	669
11706	669
12417	66א
12414	66א
39410	66א
2538	67
2535	67
10463	67
10461	67
33334	67
33333	67
33328	67
33329	67
18395	67
18832	67
10847	67
10848	67
14964	67
14963	67
12253	67
26466	67
10462	67א
10811	68
10812	68
33330	68
28443	68
989	68
987	68
11441	68
11442	68
6466	68
6468	68
26295	68
26294	68
17281	68
30777	68
30778	68
17280	68
16661	68
16662	68
34361	68
33332	68
34360	68
11726	68
11727	68
33331	68
40979	68
40981	68
35707	680
35708	680
35696	681
35693	681
35822	681
35995	681
43217	681
43218	681
43219	681
34675	682
34675	682
34676	682
15856	683
15857	683
30764	684
35439	684
15858	685
15859	685
15860	686
15861	686
21701	687
11712	687
8193	688
8195	688
30766	688
30767	688
19318	689
19319	689
10213	69
10214	69
26436	69
26435	69
991	69
993	69
11443	69
11444	69
16663	69
16664	69
39144	69
15705	69
15706	69
35689	690
35690	690
35695	691
15460	691
15461	691
35694	691
39858	691
39857	691
15462	692
15463	692
15464	693
15465	693
15466	694
15467	694
35691	695
35692	695
22058	699
22057	699
27888	6א
285	6א
20684	6א
20686	6א
2265	6א
24047	6א
41490	6א
26406	6א
26405	6א
23231	6א
23232	6א
41491	6א
42810	6א
4662	7
17516	7
17515	7
40082	7
40083	7
40500	7
2276	7
40499	7
2275	7
10394	7
10396	7
15622	7
17994	7
15618	7
17993	7
16665	7
37441	7
10110	7
16666	7
14994	7
37442	7
17084	7
17086	7
36926	7
12327	7
2280	7
2278	7
28470	7
25353	7
28469	7
25352	7
29594	7
29595	7
3578	7
3577	7
24798	7
15775	7
24799	7
2277	7
15776	7
43299	7
19660	7
29781	7
29247	7
2542	70
2544	70
33342	70
12255	70
12254	70
8223	70
8222	70
3877	70
635	70
19634	70
16667	70
16668	70
19633	70
637	70
15006	70
15007	70
33339	70
12434	70
33341	70
33340	70
12435	70
15004	70
15005	70
4901	70
9969	70
9968	70
15707	70
15708	70
10113	70
23210	701
23211	701
5290	703
5291	703
27297	704
27298	704
TA935	705
TA936	705
12262	705
12265	705
23854	705
23853	705
12263	705
12266	705
TA963	706
TA966	706
12271	706
12270	706
12267	706
TA937	707
TA938	707
TA964	708
TA965	708
12273	708
12274	708
TA961	709
TA962	709
33511	70א
14577	70א
10114	70א
34118	71
34117	71
43958	71
43959	71
27990	71
26439	71
17380	71
19636	71
19635	71
16555	71
16556	71
43960	71
12275	710
12276	710
TA959	710
TA960	710
TA946	711
TA947	711
TA951	712
TA952	712
TA939	713
TA940	713
TA942	714
TA941	714
TA943	715
TA950	715
12397	716
12396	716
TA945	716
TA944	716
12277	716
12278	716
TA948	717
TA949	717
TA969	718
TA970	718
26440	71א
27991	71א
17379	71א
34119	72
34120	72
9783	72
9781	72
35712	72
27992	72
27993	72
3883	72
3891	72
11949	72
11948	72
7539	72
23403	720
23404	720
41715	720
41716	720
TA954	721
TA955	721
TA953	722
TA956	722
TA957	723
TA958	723
10814	728
10815	728
12284	729
TA967	729
TA968	729
3896	72א
13257	72א
7537	72א
26983	73
26984	73
27994	73
29709	73
29708	73
16669	73
16670	73
11950	73
17985	73
43276	73
7540	73
7542	73
13953	73
13954	73
12281	730
12283	730
27995	73א
30727	74
30726	74
25570	74
25571	74
27996	74
27997	74
13516	74
20561	74
39405	74
12258	74
20562	74
29223	74
11953	74
11952	74
12447	74
12448	74
14133	74
2060	74
2061	74
7545	74
13509	74
13955	74
13956	74
16147	74
16148	74
5992	740
5994	741
5996	742
5998	743
29451	745
30786	746
30787	746
34111	749
30729	75
30728	75
13517	75
38796	75
38797	75
14134	75
14136	75
12261	75
14135	75
14137	75
12587	75
11954	75
15679	75
15680	75
29767	75
29768	75
43279	75
13508	75
13957	75
13958	75
16181	75
16182	75
396	75
397	75
31813	750
31814	750
26218	752
26219	752
26221	753
26220	753
26222	754
26223	754
26224	755
26292	756
26291	756
26225	757
26226	757
26227	758
26293	758
36409	759
36410	759
1005	76
1003	76
15373	76
3908	76
12289	76
12288	76
2066	76
2068	76
14571	76
15682	76
15683	76
43277	76
13959	76
13960	76
399	76
400	76
26228	760
26229	760
26230	760
26231	762
26232	762
26234	763
26233	763
26237	765
19304	768
19305	768
30796	77
30794	77
17955	77
17954	77
22847	77
22850	77
3918	77
3916	77
29710	77
29711	77
12189	77
14572	77
16351	77
2082	77
12188	77
6039	771
6040	771
6041	772
17109	773
17108	773
18390	774
18552	774
19147	774
6047	774
20614	774
34329	777
34328	777
30795	77א
30797	77א
31833	78
31831	78
19638	78
19637	78
1007	78
1010	78
32680	78
32681	78
17986	78
43278	78
6048	780
6049	780
6050	781
6051	781
19085	781
19086	781
16283	782
6054	783
6055	783
15981	783
4167	783
6056	784
6057	784
7060	784
7061	784
6058	785
6059	785
6060	786
6061	786
6062	787
6063	787
4168	787
4169	788
4170	789
42021	78א
42020	78א
43429	79
12589	79
12588	79
19639	79
19640	79
36592	79
36591	79
2069	79
11958	79
3929	79
3926	79
3928	79
3931	79
29507	790
29508	790
6064	790
6065	790
5292	790
6066	791
6067	791
6796	791
6795	791
6068	792
6069	792
14188	793
14191	793
14189	793
14192	793
14193	793
34115	793
34116	793
26583	794
26584	794
6072	794
6073	794
4171	794
4172	794
6804	795
3397	795
6803	795
17381	796
17382	796
18588	796
18695	796
11298	797
36927	7א
25707	7א
25708	7א
43300	7א
28126	7א
37093	7א
28127	7א
16076	8
16077	8
2287	8
41797	8
17518	8
17517	8
40084	8
40085	8
30798	8
30799	8
9767	8
9768	8
16673	8
15583	8
15582	8
24227	8
36596	8
36597	8
27960	8
1705	8
1706	8
29094	8
29095	8
44071	8
12328	8
12329	8
28453	8
28454	8
14999	8
14998	8
33143	8
33145	8
27784	8
27785	8
15485	8
15486	8
19606	8
19604	8
19605	8
29778	8
3580	8
29099	80
28856	80
29712	80
29713	80
14990	80
14991	80
34122	80
19745	80
18004	80
8113	80
17543	80
19744	80
28600	80
28601	80
34121	80
8106	80
8109	80
8112	80
8114	80
10518	80
11374	80
11959	80
14139	80
16517	80
17672	80
18005	80
18165	80
18659	80
3932	80
3935	80
3941	80
7377	80
8104	80
8107	80
8110	80
8111	80
15709	80
15710	80
17544	80
3147	80
16183	800
16302	800
16303	800
37793	801
37676	801
15993	801
15994	801
15995	801
15996	801
15997	801
37792	802
37675	802
15998	802
15999	802
16000	802
37794	803
37738	803
16001	803
16002	803
16003	803
16007	805
16008	805
17209	807
17210	807
7381	80א
3934	80א
3936	80א
19641	80א
19642	80א
19643	80א
26390	80א
3937	80א
7379	80א
34462	81
34461	81
30810	81
29715	81
29714	81
7385	81
14203	81
14204	81
18105	81
11337	81
11377	81
3958	81
3961	81
39987	81
11396	81
11679	81
3955	81
3957	81
3964	81
7383	81
13967	81
13968	81
15711	81
15712	81
44091	811
44090	811
44093	812
44092	812
44095	813
44094	813
44097	814
44096	814
44099	815
44098	815
4323	81א
5005	81א
5006	81א
2566	82
2567	82
29620	82
29717	82
29716	82
407	82
408	82
18775	82
27140	82
18303	82
405	82
406	82
11375	82
19261	82
19787	82
28191	82
3158	82
3160	82
414	82
42787	82
7386	82
15713	82
15714	82
3966	82
14140	82
14141	82
18050	82
19590	82
3162	82
37260	82
3968	82
412	82
413	82
7388	82
7064	821
13340	821
16026	821
16027	821
31817	822
31818	822
31819	823
31820	823
31821	824
31822	824
7068	825
7070	825
31823	825
31824	825
7072	826
19731	826
15123	826
7083	826
7081	826
7079	826
20077	828
20077	828
20078	828
20078	828
19260	82א
21232	82א
3159	82א
3161	82א
3969	82א
43399	83
43398	83
29621	83
1136	83
1142	83
12350	83
15976	83
42017	83
37722	83
11373	83
19262	83
3970	83
15685	83
4327	83
13678	832
7099	832
7100	832
16495	833
16497	833
7103	834
7111	836
7112	836
13347	836
1143	83א
1137	83א
29622	83א
37678	83א
3971	83א
7389	83א
7390	83א
21642	84
1145	84
1144	84
3979	84
12347	84
12348	84
14036	84
428	84
11367	84
11368	84
17679	84
19263	84
3977	84
4336	84
7391	84
429	84
11403	84
11557	84
17296	84
424	84
425	84
426	84
15741	84
15742	84
4333	84
15364	84
3978	84
19732	840
7117	840
26271	842
26272	842
26273	842
7152	843
7154	843
26274	843
26275	843
26276	843
7159	845
7161	845
7168	846
7166	846
13351	847
7170	847
7174	848
7173	848
15715	849
15716	849
37766	84א
37767	84א
3973	84א
19661	84א
34464	85
34463	85
42801	85
42802	85
34124	85
1150	85
1146	85
1153	85
43931	85
43933	85
10776	85
11539	85
14035	85
15771	85
11962	85
14143	85
14145	85
14816	85
19644	85
9979	85
14144	85
15019	85
3191	85
3985	85
3987	85
3988	85
9975	85
9976	85
9977	85
9978	85
4337	85
15560	850
15559	850
15562	851
15561	851
5301	852
5307	852
27588	852
5304	852
7178	853
7179	853
21185	854
21184	854
21187	855
21186	855
29535	856
29536	856
36501	859
36502	859
19645	85א
3986	85א
14818	85א
34459	86
34460	86
34127	86
29828	86
29829	86
43467	86
43468	86
15989	86
14147	86
14037	86
448	86
11379	86
4341	86
447	86
14148	86
15336	86
3210	86
444	86
445	86
4338	86
30775	869
30776	869
14098	86א
4339	86א
9854	87
9853	87
29555	87
1155	87
1156	87
33625	87
33626	87
43465	87
43466	87
11407	87
14150	87
14038	87
4012	87
11406	87
456	87
459	87
14149	87
41189	87
41190	87
14151	87
4009	87
452	87
453	87
454	87
455	87
458	87
13975	87
13977	87
7180	870
7181	870
15866	871
15865	871
15870	872
15876	873
15887	875
15886	875
18049	87א
18048	87א
19646	87א
19647	87א
1157	88
9857	88
9855	88
16277	88
9980	88
11352	88
9981	88
9982	88
9985	88
11351	88
4020	88
9983	88
9989	88
13979	88
10777	880
15862	881
15863	881
27039	881
15864	881
29623	882
29625	882
15873	882
15874	882
15880	883
15879	883
27032	884
27033	884
15881	885
15883	885
28535	885
36104	885
15884	885
36103	885
41225	885
41226	885
37344	886
37345	886
36101	887
36102	887
1159	88א
19648	88א
35437	89
35438	89
9788	89
9785	89
1164	89
43463	89
43464	89
17907	89
9993	89
9991	89
16479	89
4355	89
15225	89
4024	89
4028	89
9992	89
11412	89
43207	89
43208	89
4354	89
16062	890
15868	891
15867	891
15872	892
15878	893
15889	895
15888	895
1160	89א
17909	89א
36792	8א
44072	8א
33144	8א
33146	8א
34318	8א
34319	8א
2294	9
2293	9
17554	9
20819	9
2033	9
2034	9
17553	9
15620	9
27071	9
27072	9
29487	9
29488	9
11107	9
11108	9
28385	9
28386	9
15619	9
28397	9
28398	9
16394	9
12190	9
12191	9
37692	9
16393	9
28452	9
3593	9
15155	9
15154	9
23948	9
299	9
14111	9
14113	9
17111	9
17112	9
27786	9
29246	9
27787	9
21696	9
16514	9
16515	9
36948	90
36949	90
7705	90
7707	90
39370	90
39369	90
12349	90
15731	90
16274	90
11363	90
11364	90
14152	90
14153	90
15732	90
19649	90
19650	90
4033	90
4034	90
4037	90
9994	90
9995	90
9996	90
9997	90
11414	90
11415	90
16275	90
15383	900
19733	900
19176	900
19143	900
31128	900
19163	901
19165	901
19155	902
19168	902
2895	902
19161	903
19144	903
19159	904
19374	904
23597	904
2845	904
2855	905
33133	905
33134	905
2919	905
19153	905
2926	906
2871	907
2934	907
7186	909
7188	909
7187	909
4036	90א
23503	91
23504	91
16352	91
16353	91
1169	91
11417	91
10001	91
15020	91
4044	91
1833	91
19593	91
11416	91
15766	91
17658	91
17659	91
4038	91
4039	91
4358	91
4362	91
4363	91
10000	91
15051	91
15052	91
15053	91
17297	91
17298	91
30725	91
3251	91
4045	91
9999	91
7192	910
7189	910
7190	910
2813	910
27933	912
27932	912
2815	912
36701	912
2887	912
2888	913
2816	913
2817	914
2889	914
2818	915
2819	916
2891	916
2820	917
2892	917
2821	918
2893	918
2822	919
2894	919
1168	91א
4046	91א
33252	92
2596	92
2598	92
2597	92
2600	92
11420	92
5098	92
4049	92
4047	92
4051	92
4053	92
11348	92
11419	92
19664	92
4367	92
9917	92
9918	92
10002	92
10003	92
15646	92
3259	92
4056	92
4057	92
12160	92
12161	92
16145	92
2896	920
27770	921
28318	921
19734	921
28319	921
7194	921
27771	921
2898	922
2899	923
19090	927
4052	92א
4055	92א
29720	93
29721	93
5104	93
17300	93
4058	93
4059	93
17667	93
17668	93
4066	93
4371	93
9919	93
9920	93
10710	93
17301	93
4063	93
15694	93
7205	930
19737	930
2836	931
2905	931
2837	932
2840	935
2841	936
2908	936
2842	937
2909	937
2843	938
2910	938
23603	939
2844	939
4060	93א
19651	93א
11421	94
11535	94
7518	94
17683	94
7576	94
7577	94
3264	94
4072	94
19738	940
19739	940
2846	940
13127	940
28076	941
28077	941
2847	941
2912	941
7594	942
7595	942
2848	942
2913	942
28078	943
28079	943
2849	943
2850	944
2914	944
2851	945
2915	945
37819	945
37820	945
28075	946
28074	946
28201	946
31130	947
31133	947
31131	947
31132	947
28065	949
28064	949
33499	949
19752	94א
19753	94א
4070	94א
21983	95
21984	95
3266	95
19594	95
29723	95
29722	95
14154	95
19754	95
21162	95
21163	95
7549	95
7578	95
7579	95
15695	95
19595	95
19596	95
3277	95
4077	95
4078	95
7238	950
7240	950
31134	950
2920	950
6808	951
6810	951
6811	952
6812	952
7242	953
13352	953
2859	953
23604	953
32412	954
32413	954
7245	955
7247	955
36420	956
36419	956
31990	957
10130	958
10131	958
15826	959
14026	959
36699	959
14156	95א
17305	95א
17306	95א
4080	95א
14155	95א
9859	96
9860	96
9860	96
44004	96
43605	96
43606	96
4084	96
4082	96
19652	96
5847	96
5851	96
14157	96
14161	96
17674	96
14159	96
1852	96
21417	96
4087	96
4374	96
7248	960
7251	960
29782	960
41700	960
7254	961
7265	961
29783	961
40026	961
7258	961
7273	962
7276	962
29784	962
41692	962
13355	963
13356	963
29785	963
41693	963
29786	964
41694	964
7288	964
19091	965
2923	965
40027	965
19743	966
19742	966
7290	966
22111	967
22110	967
15574	967
15575	967
22112	967
7293	968
7294	968
36700	968
15739	969
15740	969
17308	96א
36950	97
36951	97
1173	97
1172	97
25835	97
25834	97
35979	97
14163	97
14164	97
17671	97
7546	97
7583	97
7585	97
17310	97
1857	97
1859	97
21418	97
7547	97
15699	97
15700	97
35980	97
19713	970
19712	970
19156	970
16443	970
19169	970
6821	970
19146	971
21233	971
19164	971
19788	971
19715	972
19714	972
19152	972
6829	972
16445	972
19167	972
6835	973
6839	973
29938	974
29939	974
19772	975
19773	975
19789	976
13801	977
13802	977
31935	977
31936	977
12005	978
12007	978
12006	978
12172	978
12173	978
13928	978
13929	978
13936	978
13937	978
16901	978
16902	978
12171	978
12644	979
12645	979
4091	97א
14819	97א
1175	98
28416	98
28417	98
17664	98
19683	98
19684	98
4094	98
4095	98
7586	98
7587	98
5866	98
15702	98
1860	98
5867	98
7813	98
8952	98
6845	980
6853	980
9462	981
9457	981
14091	981
12607	982
6855	982
13214	983
13215	983
6887	984
6900	984
6902	984
36092	985
36094	985
43948	986
43949	986
36095	987
36097	987
19783	988
12652	988
12653	988
13926	988
19784	988
12654	989
12655	989
16903	989
16904	989
1177	98א
1182	99
9861	99
9863	99
9864	99
1181	99
1861	99
1179	99
10126	99
10127	99
14165	99
16137	99
35819	99
12656	990
12657	990
13212	991
13213	991
21726	991
19964	991
13740	992
13741	992
14092	992
7299	992
7302	992
15195	993
7305	993
7307	993
15194	993
13724	994
13725	994
7309	994
7310	994
6908	996
6906	996
13002	996
6914	997
6913	997
6916	998
6921	998
6925	999
6924	999
19653	99א
19459	9א
20680	9א
19179	9א
20682	9א
28207	9א
3595	9א
28208	9א
31143	9א
31144	9א
14949	9א
14950	9א
10173	9א
3597	9א